batch_time_avg,batch_time_cv_percent,batch_time_max,batch_time_max_min_ratio,batch_time_min,batches_per_second,epoch,lr-AdamW,lr/group_0,opt/beta1,opt/beta2,opt/eps,opt/weight_decay,step,train_loss,val_loss
,,,,,,,9.99996667624714e-05,,,,,,49,,
,,,,,,0,,9.999965550377965e-05,,,,,49,0.2737210690975189,
,,,,,,,9.999863971320545e-05,,,,,,99,,
0.163685604929924,45.119510650634766,0.6835293769836426,5.171687126159668,0.13216757774353027,6.1092729568481445,0,,9.999861504184082e-05,,,,,99,0.40256500244140625,
,,,,,,,9.999691872924917e-05,,,,,,149,,
0.1745186597108841,44.00068283081055,0.6039731502532959,4.236553192138672,0.1425623893737793,5.730046272277832,0,,9.999687608797103e-05,,,,,149,0.4968223571777344,
,,,,,,0,,,0.8999999761581421,0.9990000128746033,9.99999993922529e-09,0.0010000000474974513,184,,
,,,,,,,9.99945038371422e-05,,,,,,199,,
,,,,,,1,,9.99944459181279e-05,,,,,199,0.3422311246395111,
,,,,,,,9.999139507412519e-05,,,,,,249,,
0.14983421564102173,10.174588203430176,0.19407105445861816,2.484147310256958,0.07812380790710449,6.674042701721191,1,,9.999132453231141e-05,,,,,249,1.6762542724609375,
,,,,,,,9.998759248813919e-05,,,,,,299,,
0.26329824328422546,46.396671295166016,0.7136294841766357,4.946683883666992,0.14426422119140625,3.7979745864868164,1,,9.998751193052158e-05,,,,,299,0.40800604224205017,
,,,,,,,9.99830961378247e-05,,,,,,349,,
0.1581432819366455,11.746808052062988,0.23311972618103027,1.7353297472000122,0.1343374252319336,6.323379993438721,1,,9.998300083680078e-05,,,,,349,0.35487112402915955,
,,,,,,,9.997790609252105e-05,,,,,,399,,
,,,,,,2,,9.997779852710664e-05,,,,,399,0.5541413426399231,
,,,,,,,9.997202243226515e-05,,,,,,449,,
0.20039235055446625,94.80274963378906,1.805161714553833,24.838340759277344,0.07267642021179199,4.99021053314209,2,,9.997189772548154e-05,,,,,449,0.5189361572265625,
,,,,,,,9.996544524779037e-05,,,,,,499,,
0.1941947638988495,39.85359573364258,0.4246358871459961,2.848407030105591,0.149078369140625,5.149469375610352,2,,9.996530570788309e-05,,,,,499,0.41334405541419983,
,,,,,,2,,,,,,,499,,9.576410293579102
,,,,,,,9.995817464052492e-05,,,,,,549,,
0.2231958657503128,42.069549560546875,0.3825416564941406,2.905258893966675,0.13167214393615723,4.480369567871094,2,,9.995802247431129e-05,,,,,549,0.47255197167396545,
,,,,,,,9.995021072259061e-05,,,,,,599,,
,,,,,,3,,9.995004074880853e-05,,,,,599,0.39416566491127014,
,,,,,,,9.994155361680089e-05,,,,,,649,,
0.18814517557621002,44.371524810791016,0.5551888942718506,7.789079666137695,0.07127785682678223,5.315044403076172,3,,9.994137508329004e-05,,,,,649,0.3518409729003906,
,,,,,,,9.993220345665913e-05,,,,,,699,,
0.18100929260253906,41.415679931640625,0.44740867614746094,3.388744354248047,0.13202786445617676,5.52457857131958,3,,9.993201092584059e-05,,,,,699,0.4578755795955658,
,,,,,,,9.992216038635626e-05,,,,,,749,,
,,,,,,4,,9.992195555241778e-05,,,,,749,0.2820803225040436,
,,,,,,,9.991142456076888e-05,,,,,,799,,
0.20260167121887207,48.96013641357422,0.5632343292236328,4.2131266593933105,0.13368558883666992,4.935793399810791,4,,9.991120168706402e-05,,,,,799,0.35070672631263733,
,,,,,,,9.989999614545665e-05,,,,,,849,,
0.18806883692741394,39.41565704345703,0.44584083557128906,3.4068796634674072,0.13086485862731934,5.317202091217041,4,,9.989976388169453e-05,,,,,849,0.41343817114830017,
,,,,,,,9.988787531665992e-05,,,,,,899,,
0.19576676189899445,54.411773681640625,0.6153819561004639,4.41017484664917,0.13953685760498047,5.108119487762451,4,,9.988762758439407e-05,,,,,899,0.3872884213924408,
,,,,,,,9.987506226129688e-05,,,,,,949,,
,,,,,,5,,9.987480007112026e-05,,,,,949,0.5101280212402344,
,,,,,,,9.986155717696071e-05,,,,,,999,,
0.22141437232494354,46.40616226196289,0.6023907661437988,4.509371757507324,0.13358640670776367,4.516418933868408,5,,9.986128134187311e-05,,,,,999,0.28087106347084045,
,,,,,,5,,,,,,,999,,9.656821250915527
,,,,,,,9.984736027191642e-05,,,,,,1049,,
0.20164677500724792,52.96908187866211,0.6745731830596924,5.06184720993042,0.13326621055603027,4.959167003631592,5,,9.984707139665261e-05,,,,,1049,0.4991111755371094,
,,,,,,,9.9832471765098e-05,,,,,,1099,,
0.18583868443965912,38.474891662597656,0.44131016731262207,3.2892730236053467,0.13416647911071777,5.381011009216309,5,,9.983217023545876e-05,,,,,1099,0.3875821530818939,
,,,,,,,9.98168918861045e-05,,,,,,1149,,
,,,,,,6,,9.981657058233395e-05,,,,,1149,0.43298593163490295,
,,,,,,,9.980062087519696e-05,,,,,,1199,,
0.20933178067207336,46.862606048583984,0.5607383251190186,4.302887916564941,0.13031673431396484,4.777105331420898,6,,9.980028698919341e-05,,,,,1199,0.5326309204101562,
,,,,,,,9.978365898329454e-05,,,,,,1249,,
0.18816618621349335,48.4075927734375,0.5485556125640869,4.141870498657227,0.13244152069091797,5.314451217651367,6,,9.978331218007952e-05,,,,,1249,0.32653936743736267,
,,,,,,,9.976600647197054e-05,,,,,,1299,,
,,,,,,7,,9.976564615499228e-05,,,,,1299,0.24216461181640625,
,,,,,,,9.974766361344858e-05,,,,,,1349,,
0.1945810616016388,47.066505432128906,0.5723130702972412,4.3861870765686035,0.13048076629638672,5.139246463775635,7,,9.97472889139317e-05,,,,,1349,0.4299252927303314,
,,,,,,,9.972863069059826e-05,,,,,,1399,,
0.22087883949279785,45.40654754638672,0.5299656391143799,4.056723594665527,0.13063883781433105,4.527369022369385,7,,9.972824045689777e-05,,,,,1399,0.8041508793830872,
,,,,,,,9.970890799693075e-05,,,,,,1449,,
0.2269550859928131,59.1124153137207,0.5946979522705078,4.433333396911621,0.13414239883422852,4.406157970428467,7,,9.97085080598481e-05,,,,,1449,0.49030303955078125,
,,,,,,,9.968849583659438e-05,,,,,,1499,,
,,,,,,8,,9.968807717086747e-05,,,,,1499,0.6012369990348816,
,,,,,,8,,,,,,,1499,,9.60364818572998
,,,,,,,9.966739452436994e-05,,,,,,1549,,
0.21218417584896088,49.993282318115234,0.6062567234039307,8.291568756103516,0.07311725616455078,4.712886810302734,8,,9.966696234187111e-05,,,,,1549,0.3950589597225189,
,,,,,,,9.964560438566569e-05,,,,,,1599,,
0.22122161090373993,53.332611083984375,0.6407103538513184,4.844330310821533,0.13225984573364258,4.520354270935059,8,,9.964516357285902e-05,,,,,1599,0.19671885669231415,
,,,,,,,9.962312575651259e-05,,,,,,1649,,
0.2110651731491089,50.43268585205078,0.5877304077148438,4.361044883728027,0.13476824760437012,4.737873077392578,8,,9.962266631191596e-05,,,,,1649,0.2429300993680954,
,,,,,,,9.959995898355887e-05,,,,,,1699,,
,,,,,,9,,9.959948511095718e-05,,,,,1699,0.26046624779701233,
,,,,,,,9.957610442406484e-05,,,,,,1749,,
0.22230437397956848,55.675575256347656,0.8227095603942871,6.3079142570495605,0.13042497634887695,4.498337268829346,9,,9.957561996998265e-05,,,,,1749,0.2746836245059967,
,,,,,,,9.955156244589737e-05,,,,,,1799,,
0.21633386611938477,48.87758255004883,0.558483362197876,4.147043228149414,0.13467025756835938,4.6224846839904785,9,,9.955106361303478e-05,,,,,1799,0.2773068845272064,
,,,,,,,9.952633342752403e-05,,,,,,1849,,
0.23975345492362976,50.83748245239258,0.5886554718017578,4.307374477386475,0.13666224479675293,4.1709513664245605,9,,9.952582331607118e-05,,,,,1849,0.4046173095703125,
,,,,,,,9.950041775800757e-05,,,,,,1899,,
,,,,,,10,,9.949989180313423e-05,,,,,1899,0.2711753845214844,
,,,,,,,9.947381583699974e-05,,,,,,1949,,
0.20221449434757233,43.55478286743164,0.45397090911865234,6.088846683502197,0.07455778121948242,4.945243835449219,10,,9.947327635018155e-05,,,,,1949,0.32537841796875,
,,,,,,,9.944652807473495e-05,,,,,,1999,,
0.1990797221660614,45.410518646240234,0.4450521469116211,3.359677791595459,0.13246870040893555,5.023113250732422,10,,9.944597695721313e-05,,,,,1999,0.4292958676815033,
,,,,,,10,,,,,,,1999,,9.863090515136719
,,,,,,,9.941855489202426e-05,,,,,,2049,,
,,,,,,11,,9.941798634827137e-05,,,,,2049,0.32093873620033264,
,,,,,,,9.938989672024875e-05,,,,,,2099,,
0.1824851930141449,39.028411865234375,0.366840124130249,4.632222652435303,0.079193115234375,5.479896545410156,11,,9.938931907527149e-05,,,,,2099,1.7367973327636719,
,,,,,,,9.936055400135283e-05,,,,,,2149,,
0.183184415102005,45.62129211425781,0.56783127784729,4.278961181640625,0.13270306587219238,5.458979606628418,11,,9.935996058629826e-05,,,,,2149,0.29748788475990295,
,,,,,,,9.933052718783767e-05,,,,,,2199,,
0.18051624298095703,55.55747985839844,0.7180252075195312,5.358137130737305,0.13400650024414062,5.53966760635376,11,,9.93299181573093e-05,,,,,2199,0.29833984375,
,,,,,,,9.929981674275379e-05,,,,,,2249,,
,,,,,,12,,9.929919906426221e-05,,,,,2249,0.4748903810977936,
,,,,,,,9.92684231396943e-05,,,,,,2299,,
0.17656481266021729,38.41477584838867,0.3757450580596924,5.174862861633301,0.07260966300964355,5.663642883300781,12,,9.926778875524178e-05,,,,,2299,0.5414530634880066,
,,,,,,,9.923634686278736e-05,,,,,,2349,,
0.15790174901485443,20.25416374206543,0.36885857582092285,2.747429370880127,0.13425588607788086,6.333051681518555,12,,9.923570178216323e-05,,,,,2349,0.42729949951171875,
,,,,,,,9.92035884066888e-05,,,,,,2399,,
0.16099482774734497,22.30108642578125,0.3901081085205078,2.9915459156036377,0.1304035186767578,6.2113800048828125,12,,9.920292359311134e-05,,,,,2399,0.4042421877384186,
,,,,,,,9.91701482765746e-05,,,,,,2449,,
,,,,,,13,,9.916947601595894e-05,,,,,2449,0.39970651268959045,
,,,,,,,9.913602698813286e-05,,,,,,2499,,
0.1684027761220932,41.143917083740234,0.5392954349517822,7.342243671417236,0.07345104217529297,5.938144207000732,13,,9.913533722283319e-05,,,,,2499,0.23849551379680634,
,,,,,,13,,,,,,,2499,,9.994743347167969
,,,,,,,9.91012250675561e-05,,,,,,2549,,
0.1765056550502777,33.609493255615234,0.34346556663513184,2.532275676727295,0.1356351375579834,5.66554069519043,13,,9.910052176564932e-05,,,,,2549,0.46234893798828125,
,,,,,,,9.9065743051533e-05,,,,,,2599,,
,,,,,,14,,9.906502964440733e-05,,,,,2599,0.2690671384334564,
,,,,,,,9.902958148724024e-05,,,,,,2649,,
0.18080909550189972,42.09758758544922,0.48180317878723145,5.9215826988220215,0.08136391639709473,5.530694961547852,14,,9.902885358314961e-05,,,,,2649,0.34040579199790955,
,,,,,,,9.899274093233364e-05,,,,,,2699,,
0.16771142184734344,56.07732009887695,0.8236548900604248,6.17683219909668,0.1333458423614502,5.962623119354248,14,,9.899199358187616e-05,,,,,2699,0.45763397216796875,
,,,,,,,9.895522195494031e-05,,,,,,2749,,
0.18568842113018036,38.331268310546875,0.37283921241760254,2.783024549484253,0.13396906852722168,5.3853654861450195,14,,9.89544641925022e-05,,,,,2749,0.3042093813419342,
,,,,,,,9.891702513364925e-05,,,,,,2799,,
,,,,,,15,,9.891625086311251e-05,,,,,2799,0.4298184812068939,
,,,,,,,9.887815105750263e-05,,,,,,2849,,
0.16159532964229584,33.59868240356445,0.439197301864624,6.041404724121094,0.07269787788391113,6.188297748565674,15,,9.887736814562231e-05,,,,,2849,0.27230072021484375,
,,,,,,,9.883860032598688e-05,,,,,,2899,,
0.15178824961185455,3.149395227432251,0.1630842685699463,1.2093943357467651,0.13484787940979004,6.588125705718994,15,,9.883780148811638e-05,,,,,2899,0.4075864255428314,
,,,,,,,9.879837354902324e-05,,,,,,2949,,
0.16990014910697937,32.640892028808594,0.3704416751861572,2.8089542388916016,0.13187885284423828,5.885809898376465,15,,9.879756544250995e-05,,,,,2949,0.3411903381347656,
,,,,,,,9.87574713469583e-05,,,,,,2999,,
,,,,,,16,,9.875664545688778e-05,,,,,2999,0.4524904787540436,
,,,,,,16,,,,,,,2999,,9.900200843811035
,,,,,,,9.871589435055454e-05,,,,,,3049,,
0.163488507270813,34.291587829589844,0.4179961681365967,5.654125690460205,0.07392764091491699,6.11663818359375,16,,9.871505608316511e-05,,,,,3049,0.49758657813072205,
,,,,,,,9.86736432009808e-05,,,,,,3099,,
0.17804093658924103,44.864383697509766,0.5654780864715576,4.159111022949219,0.13596129417419434,5.61668586730957,16,,9.867279004538432e-05,,,,,3099,0.4059486389160156,
,,,,,,,9.863071854980204e-05,,,,,,3149,,
,,,,,,17,,9.862985461950302e-05,,,,,3149,0.2224985808134079,
,,,,,,,9.85871210589694e-05,,,,,,3199,,
0.1700354367494583,25.228361129760742,0.3501148223876953,2.6579208374023438,0.13172507286071777,5.881126880645752,17,,9.85862425295636e-05,,,,,3199,0.289520263671875,
,,,,,,,9.854285140081029e-05,,,,,,3249,,
0.2070038616657257,44.03550720214844,0.4451417922973633,3.3384592533111572,0.13333749771118164,4.830827713012695,17,,9.854196105152369e-05,,,,,3249,0.7794189453125,
,,,,,,,9.84979102580175e-05,,,,,,3299,,
0.20466890931129456,53.17198181152344,0.592315673828125,4.341125011444092,0.1364428997039795,4.885940074920654,17,,9.849700290942565e-05,,,,,3299,0.38787588477134705,
,,,,,,,9.845229832363905e-05,,,,,,3349,,
,,,,,,18,,9.845138265518472e-05,,,,,3349,0.591583251953125,
,,,,,,,9.840601630106741e-05,,,,,,3399,,
0.24985140562057495,45.37276077270508,0.6001770496368408,7.639206886291504,0.07856535911560059,4.002378940582275,18,,9.840508573688567e-05,,,,,3399,0.38527044653892517,
,,,,,,,9.835906490402863e-05,,,,,,3449,,
0.19158467650413513,44.11774444580078,0.4689910411834717,3.501059055328369,0.1339569091796875,5.219624042510986,18,,9.835811943048611e-05,,,,,3449,0.21052932739257812,
,,,,,,,9.831144485657127e-05,,,,,,3499,,
0.1763400435447693,36.487571716308594,0.3774738311767578,2.835503101348877,0.13312411308288574,5.670861721038818,18,,9.831048373598605e-05,,,,,3499,0.2894401550292969,
,,,,,,18,,,,,,,3499,,9.893083572387695
,,,,,,,9.826315689305546e-05,,,,,,3549,,
,,,,,,19,,9.82621859293431e-05,,,,,3549,0.22674942016601562,
,,,,,,,9.821420175814131e-05,,,,,,3599,,
0.2563076317310333,43.014915466308594,0.5670228004455566,7.874635696411133,0.0720062255859375,3.901561737060547,19,,9.821321873459965e-05,,,,,3599,0.21974308788776398,
,,,,,,,9.81645802067775e-05,,,,,,3649,,
0.17986531555652618,36.5132942199707,0.37268733978271484,2.7622227668762207,0.13492298126220703,5.559715747833252,19,,9.816358215175569e-05,,,,,3649,0.27881622314453125,
,,,,,,,9.811429300418988e-05,,,,,,3699,,
0.22654694318771362,49.88372039794922,0.6081969738006592,4.597439765930176,0.13229036331176758,4.414096355438232,19,,9.811328345676884e-05,,,,,3699,0.37271371483802795,
,,,,,,,9.806334092586913e-05,,,,,,3749,,
,,,,,,20,,9.806231537368149e-05,,,,,3749,0.25265374779701233,
,,,,,,,9.801172475755941e-05,,,,,,3799,,
0.21174335479736328,52.93760299682617,0.6536071300506592,8.854852676391602,0.07381343841552734,4.722698211669922,20,,9.801068517845124e-05,,,,,3799,0.4596672058105469,
,,,,,,,9.79594452952459e-05,,,,,,3849,,
0.20344287157058716,47.32887649536133,0.5151524543762207,3.928334951400757,0.13113760948181152,4.915384769439697,20,,9.79583928710781e-05,,,,,3849,0.528509795665741,
,,,,,,,9.790650334514258e-05,,,,,,3899,,
,,,,,,21,,9.790543845156208e-05,,,,,3899,0.30256715416908264,
,,,,,,,9.785289972367981e-05,,,,,,3949,,
0.188956156373024,50.92524337768555,0.5921378135681152,7.735596179962158,0.07654714584350586,5.292232990264893,21,,9.785182191990316e-05,,,,,3949,1.6270402669906616,
,,,,,,,9.779863525749175e-05,,,,,,3999,,
0.2665936350822449,46.20454788208008,0.6315963268280029,4.810095310211182,0.13130640983581543,3.7510273456573486,21,,9.779754327610135e-05,,,,,3999,0.24291229248046875,
,,,,,,21,,,,,,,3999,,9.709502220153809
,,,,,,,9.774371078340356e-05,,,,,,4049,,
0.26059287786483765,35.03472900390625,0.4779164791107178,3.2768003940582275,0.14584851264953613,3.8374032974243164,21,,9.774260252015665e-05,,,,,4049,0.27293524146080017,
,,,,,,,9.768812714841867e-05,,,,,,4099,,
,,,,,,22,,9.768700692802668e-05,,,,,4099,0.4430758059024811,
,,,,,,,9.763188520970533e-05,,,,,,4149,,
0.23027251660823822,46.58589172363281,0.6109776496887207,7.995712757110596,0.07641315460205078,4.34268045425415,22,,9.763075649971142e-05,,,,,4149,0.5706062316894531,
,,,,,,,9.757498583458398e-05,,,,,,4199,,
0.2658545970916748,48.66850662231445,0.6267621517181396,4.558521747589111,0.13749241828918457,3.7614548206329346,22,,9.757384395925328e-05,,,,,4199,0.4147911071777344,
,,,,,,,9.751742990051331e-05,,,,,,4249,,
0.3091159462928772,40.85963439941406,0.6115059852600098,4.612452983856201,0.13257718086242676,3.235032081604004,22,,9.751626930665225e-05,,,,,4249,0.49006524682044983,
,,,,,,,9.745921829507694e-05,,,,,,4299,,
,,,,,,23,,9.745804709382355e-05,,,,,4299,0.3683560788631439,
,,,,,,,9.740035191597003e-05,,,,,,4349,,
0.15417931973934174,18.627399444580078,0.3210108280181885,4.299316883087158,0.07466554641723633,6.4859538078308105,23,,9.739917004480958e-05,,,,,4349,0.19827651977539062,
,,,,,,,9.734083167098479e-05,,,,,,4399,,
0.1637362390756607,24.639589309692383,0.3659636974334717,2.633176803588867,0.13898181915283203,6.1073832511901855,23,,9.733963815961033e-05,,,,,4399,0.526269257068634,
,,,,,,,9.728065847799705e-05,,,,,,4449,,
,,,,,,24,,9.72794514382258e-05,,,,,4449,0.2620480954647064,
,,,,,,,9.721983326495192e-05,,,,,,4499,,
0.17930781841278076,50.44163513183594,0.6242570877075195,8.646241188049316,0.07219982147216797,5.577001571655273,24,,9.7218609880656e-05,,,,,4499,0.3084208071231842,
,,,,,,24,,,,,,,4499,,9.712811470031738
,,,,,,,9.715835696984944e-05,,,,,,4549,,
0.271366685628891,49.701114654541016,0.7385001182556152,5.547038555145264,0.133134126663208,3.6850507259368896,24,,9.715712076285854e-05,,,,,4549,0.4097811281681061,
,,,,,,,9.709623054073018e-05,,,,,,4599,,
0.1574724316596985,19.469961166381836,0.3527107238769531,2.6898038387298584,0.13112878799438477,6.350317478179932,24,,9.709498408483341e-05,,,,,4599,0.2998943328857422,
,,,,,,,9.703345493566046e-05,,,,,,4649,,
,,,,,,25,,9.703219257062301e-05,,,,,4649,0.37381553649902344,
,,,,,,,9.697003112271775e-05,,,,,,4699,,
0.1783398687839508,44.987213134765625,0.5737829208374023,7.283738613128662,0.07877588272094727,5.607271194458008,25,,9.696875349618495e-05,,,,,4699,0.24377186596393585,
,,,,,,,9.690596007997577e-05,,,,,,4749,,
0.16585643589496613,29.81733512878418,0.3682541847229004,2.738642930984497,0.13446593284606934,6.029310703277588,25,,9.690467413747683e-05,,,,,4749,0.49172845482826233,
,,,,,,,9.684124279548917e-05,,,,,,4799,,
0.18866722285747528,38.037803649902344,0.3693523406982422,2.7923495769500732,0.13227295875549316,5.300337791442871,25,,9.683993994258344e-05,,,,,4799,0.30059561133384705,
,,,,,,,9.67758802672786e-05,,,,,,4849,,
,,,,,,26,,9.677456546342e-05,,,,,4849,0.44642767310142517,
,,,,,,,9.670987350331505e-05,,,,,,4899,,
0.16151972115039825,32.535926818847656,0.5032491683959961,6.9994893074035645,0.07189798355102539,6.191194534301758,26,,9.67085434240289e-05,,,,,4899,0.4840965270996094,
,,,,,,,9.664322352150459e-05,,,,,,4949,,
0.18157047033309937,42.529354095458984,0.535834789276123,4.000252723693848,0.13395023345947266,5.507503509521484,26,,9.664188110036775e-05,,,,,4949,0.2826296389102936,
,,,,,,,9.657593134967225e-05,,,,,,4999,,
,,,,,,27,,9.657457849243656e-05,,,,,4999,0.22607676684856415,
,,,,,,27,,,,,,,4999,,9.968374252319336
,,,,,,,9.650799802554658e-05,,,,,,5049,,
0.18197236955165863,38.81751251220703,0.520176887512207,7.089432716369629,0.07337355613708496,5.495339870452881,27,,9.650663560023531e-05,,,,,5049,0.25287628173828125,
,,,,,,,9.643942459674355e-05,,,,,,5099,,
0.16661477088928223,28.354272842407227,0.36887454986572266,2.789783239364624,0.13222336769104004,6.001868724822998,27,,9.64380451478064e-05,,,,,5099,0.6029536128044128,
,,,,,,,9.637021212075027e-05,,,,,,5149,,
0.18444819748401642,44.3626708984375,0.5473272800445557,4.10080099105835,0.1334683895111084,5.421576499938965,27,,9.636882168706506e-05,,,,,5149,0.41893133521080017,
,,,,,,,9.630036166490867e-05,,,,,,5199,,
,,,,,,28,,9.629895794205368e-05,,,,,5199,0.5573781132698059,
,,,,,,,9.622987430639931e-05,,,,,,5249,,
0.19183379411697388,49.770896911621094,0.6754148006439209,8.555234909057617,0.07894754409790039,5.212845802307129,28,,9.622846118872985e-05,,,,,5249,0.3775266110897064,
,,,,,,,9.61587511322243e-05,,,,,,5299,,
0.1716631054878235,40.956756591796875,0.538224458694458,4.065064907073975,0.1324024200439453,5.825363636016846,28,,9.615732415113598e-05,,,,,5299,0.24016952514648438,
,,,,,,,9.608699323919106e-05,,,,,,5349,,
0.1658584475517273,30.23573112487793,0.4067699909210205,3.0197882652282715,0.13470149040222168,6.029237747192383,28,,9.608555410522968e-05,,,,,5349,0.2536862790584564,
,,,,,,,9.601460173389506e-05,,,,,,5399,,
,,,,,,29,,9.601315105101094e-05,,,,,5399,0.219146728515625,
,,,,,,,9.594157773270285e-05,,,,,,5449,,
0.15583661198616028,27.08759117126465,0.46573519706726074,6.464410781860352,0.07204604148864746,6.416977405548096,29,,9.594010771252215e-05,,,,,5449,0.25032296776771545,
,,,,,,,9.586792236173485e-05,,,,,,5499,,
0.18693064153194427,38.702571868896484,0.4539449214935303,3.4621524810791016,0.13111639022827148,5.3495774269104,29,,9.586644591763616e-05,,,,,5499,0.27971458435058594,
,,,,,,29,,,,,,,5499,,9.674163818359375
,,,,,,,9.579363675684802e-05,,,,,,5549,,
0.16851644217967987,29.484989166259766,0.33971691131591797,2.611849069595337,0.1300675868988037,5.934139251708984,29,,9.579214383848011e-05,,,,,5549,0.45204925537109375,
,,,,,,,9.571872206361828e-05,,,,,,5599,,
,,,,,,30,,9.571721602696925e-05,,,,,5599,0.2635498046875,
,,,,,,,9.564317943732286e-05,,,,,,5649,,
0.2198309302330017,51.08308792114258,0.5932655334472656,8.170989990234375,0.07260632514953613,4.548950672149658,30,,9.564166248310357e-05,,,,,5649,0.36058172583580017,
,,,,,,,9.556701004292248e-05,,,,,,5699,,
0.15259499847888947,5.426533222198486,0.1900465488433838,1.411636471748352,0.1346285343170166,6.553294658660889,30,,9.556548320688307e-05,,,,,5699,0.5412037968635559,
,,,,,,,9.549021505504344e-05,,,,,,5749,,
,,,,,,31,,9.548867092235014e-05,,,,,5749,0.2800343930721283,
,,,,,,,9.54127956579595e-05,,,,,,5799,,
0.15639717876911163,22.385173797607422,0.3574192523956299,4.495006084442139,0.07951474189758301,6.393977165222168,31,,9.541124018142e-05,,,,,5799,1.6552492380142212,
,,,,,,,9.533475304557359e-05,,,,,,5849,,
0.1567685306072235,22.910860061645508,0.385115385055542,2.9411706924438477,0.13093948364257812,6.378831386566162,31,,9.533318370813504e-05,,,,,5849,0.30061468482017517,
,,,,,,,9.525608842139917e-05,,,,,,5899,,
0.1606409251689911,23.09591293334961,0.31671571731567383,2.4073452949523926,0.1315622329711914,6.225063800811768,31,,9.525450877845287e-05,,,,,5899,0.3124898374080658,
,,,,,,,9.517680299854217e-05,,,,,,5949,,
,,,,,,32,,9.517520811641589e-05,,,,,5949,0.46504274010658264,
,,,,,,,9.509689799968188e-05,,,,,,5999,,
0.15729407966136932,17.04210662841797,0.27268147468566895,2.1027657985687256,0.12967753410339355,6.357518196105957,32,,9.509529627393931e-05,,,,,5999,0.48194757103919983,
,,,,,,32,,,,,,,5999,,9.764778137207031
,,,,,,,9.501637465705211e-05,,,,,,6049,,
0.23616153001785278,46.015525817871094,0.5197021961212158,3.9280714988708496,0.13230466842651367,4.234389781951904,32,,9.501475869910792e-05,,,,,6049,0.36153411865234375,
,,,,,,,9.49352342124226e-05,,,,,,6099,,
0.2003157138824463,50.68946838378906,0.6048083305358887,4.535588264465332,0.1333472728729248,4.992119789123535,32,,9.493360266787931e-05,,,,,6099,0.40237680077552795,
,,,,,,,9.485347791707935e-05,,,,,,6149,,
,,,,,,33,,9.485183545621112e-05,,,,,6149,0.3528372347354889,
,,,,,,,9.477110703180553e-05,,,,,,6199,,
0.1793547123670578,47.81233215332031,0.6896271705627441,5.251511096954346,0.13131976127624512,5.575543403625488,33,,9.476944978814572e-05,,,,,6199,0.621185302734375,
,,,,,,,9.468812282686203e-05,,,,,,6249,,
0.20092007517814636,47.18117904663086,0.5257160663604736,3.989248037338257,0.13178324699401855,4.9771037101745605,33,,9.468646021559834e-05,,,,,6249,0.43719354271888733,
,,,,,,,9.460452658196799e-05,,,,,,6299,,
,,,,,,34,,9.460284491069615e-05,,,,,6299,0.2382405549287796,
,,,,,,,9.4520319586281e-05,,,,,,6349,,
0.19428123533725739,53.12425231933594,0.6407175064086914,8.88284969329834,0.07212972640991211,5.147177696228027,34,,9.451862570131198e-05,,,,,6349,0.29043832421302795,
,,,,,,,9.443550313837696e-05,,,,,,6399,,
0.1807972937822342,40.20072555541992,0.5530514717102051,4.08183479309082,0.13549089431762695,5.5310564041137695,34,,9.443380258744583e-05,,,,,6399,0.36716970801353455,
,,,,,,,9.435007854623052e-05,,,,,,6449,,
0.17811915278434753,37.22818374633789,0.44351673126220703,3.4021239280700684,0.13036465644836426,5.614219665527344,34,,9.434836101718247e-05,,,,,6449,0.3276570737361908,
,,,,,,,9.426404712719453e-05,,,,,,6499,,
,,,,,,35,,9.426232281839475e-05,,,,,6499,0.3576418459415436,
,,,,,,35,,,,,,,6499,,9.635026931762695
,,,,,,,9.417741020797988e-05,,,,,,6549,,
0.17217403650283813,35.416011810302734,0.3742363452911377,5.132479190826416,0.07291531562805176,5.808076858520508,35,,9.417567343916744e-05,,,,,6549,0.20230229198932648,
,,,,,,,9.409016912463514e-05,,,,,,6599,,
0.19942954182624817,44.25499725341797,0.4643726348876953,3.224931478500366,0.14399456977844238,5.0143022537231445,35,,9.408842015545815e-05,,,,,6599,0.39278411865234375,
,,,,,,,9.400232522252565e-05,,,,,,6649,,
0.1759190410375595,34.03286361694336,0.37249088287353516,2.826148271560669,0.13180160522460938,5.6844329833984375,35,,9.400056296726689e-05,,,,,6649,0.33017221093177795,
,,,,,,,9.391387985631303e-05,,,,,,6699,,
,,,,,,36,,9.391210187459365e-05,,,,,6699,0.4131278991699219,
,,,,,,,9.382483438993429e-05,,,,,,6749,,
0.18290621042251587,45.97980499267578,0.5951893329620361,7.378435134887695,0.08066606521606445,5.467282772064209,36,,9.382304415339604e-05,,,,,6749,0.5341720581054688,
,,,,,,,9.37351901965806e-05,,,,,,6799,,
0.16108855605125427,22.398221969604492,0.37842893600463867,2.870147228240967,0.131850004196167,6.207765579223633,36,,9.373338980367407e-05,,,,,6799,0.2646395266056061,
,,,,,,,9.364494865867642e-05,,,,,,6849,,
,,,,,,37,,9.364313882542774e-05,,,,,6849,0.2292683869600296,
,,,,,,,9.355411116785779e-05,,,,,,6899,,
0.16453708708286285,32.07538604736328,0.3926701545715332,5.369541645050049,0.07312917709350586,6.077657222747803,37,,9.355229121865705e-05,,,,,6899,0.28895696997642517,
,,,,,,,9.346267912495127e-05,,,,,,6949,,
0.16659198701381683,32.894535064697266,0.4890165328979492,3.707517623901367,0.1318986415863037,6.002689361572266,37,,9.346084698336199e-05,,,,,6949,0.5693671107292175,
,,,,,,,9.337065393995212e-05,,,,,,6999,,
0.15792104601860046,13.311631202697754,0.2729218006134033,2.0691184997558594,0.13190245628356934,6.332278251647949,37,,9.336880611954257e-05,,,,,6999,0.34250640869140625,
,,,,,,37,,,,,,,6999,,9.800281524658203
,,,,,,,9.327803703200241e-05,,,,,,7049,,
,,,,,,38,,9.32761759031564e-05,,,,,7049,0.5394566655158997,
,,,,,,,9.318482982936944e-05,,,,,,7099,,
0.1612844318151474,29.439531326293945,0.3900625705718994,4.965057373046875,0.07856154441833496,6.200226783752441,38,,9.318295633420348e-05,,,,,7099,0.4260050356388092,
,,,,,,,9.309103376942365e-05,,,,,,7149,,
0.17170926928520203,26.117630004882812,0.34824156761169434,2.4367730617523193,0.14291095733642578,5.823797225952148,38,,9.308915468864143e-05,,,,,7149,0.19301605224609375,
,,,,,,,9.299665029861627e-05,,,,,,7199,,
0.15806804597377777,7.659581184387207,0.20245957374572754,1.49810791015625,0.13514351844787598,6.326389312744141,38,,9.299475641455501e-05,,,,,7199,0.2515678405761719,
,,,,,,,9.290168087245723e-05,,,,,,7249,,
,,,,,,39,,9.289977606385946e-05,,,,,7249,0.21108882129192352,
,,,,,,,9.280612695549248e-05,,,,,,7299,,
0.20062565803527832,43.244346618652344,0.5397970676422119,4.058948040008545,0.13298940658569336,4.984407424926758,39,,9.280420636059716e-05,,,,,7299,0.20242182910442352,
,,,,,,,9.27099900212818e-05,,,,,,7349,,
0.15612664818763733,18.36615753173828,0.3496098518371582,2.632153272628784,0.13282275199890137,6.405056476593018,39,,9.270806185668334e-05,,,,,7349,0.28176116943359375,
,,,,,,,9.26132715523754e-05,,,,,,7399,,
0.1634681224822998,30.292816162109375,0.49141979217529297,3.6653666496276855,0.13407111167907715,6.117400646209717,39,,9.261132800020278e-05,,,,,7399,0.4379933774471283,
,,,,,,,9.251597304029186e-05,,,,,,7449,,
,,,,,,40,,9.251401934307069e-05,,,,,7449,0.25251007080078125,
,,,,,,,9.241809598549449e-05,,,,,,7499,,
0.17954275012016296,42.035945892333984,0.44968748092651367,3.4287402629852295,0.13115239143371582,5.569704055786133,40,,9.241613588528708e-05,,,,,7499,0.3846282958984375,
,,,,,,40,,,,,,,7499,,9.826845169067383
,,,,,,,9.23196418973687e-05,,,,,,7549,,
0.15386028587818146,7.689653396606445,0.22406959533691406,1.7021520137786865,0.1316390037536621,6.49940299987793,40,,9.231767035089433e-05,,,,,7549,0.39877572655677795,
,,,,,,,9.222061229419832e-05,,,,,,7599,,
,,,,,,41,,9.221862273989245e-05,,,,,7599,0.28404998779296875,
,,,,,,,9.212100870314222e-05,,,,,,7649,,
0.19475549459457397,37.728851318359375,0.37928342819213867,2.861133098602295,0.13256406784057617,5.134643077850342,41,,9.211900760419667e-05,,,,,7649,1.5188230276107788,
,,,,,,,9.202083266021109e-05,,,,,,7699,,
0.15438367426395416,21.668445587158203,0.3692800998687744,2.8047454357147217,0.13166260719299316,6.4773688316345215,41,,9.201882494380698e-05,,,,,7699,0.3429781496524811,
,,,,,,,9.192008571024337e-05,,,,,,7749,,
0.15940576791763306,20.837873458862305,0.37500905990600586,2.801539659500122,0.13385820388793945,6.273298263549805,41,,9.191806748276576e-05,,,,,7749,0.2918281555175781,
,,,,,,,9.181876940688175e-05,,,,,,7799,,
,,,,,,42,,9.181673522107303e-05,,,,,7799,0.438037246465683,
,,,,,,,9.171688531254884e-05,,,,,,7849,,
0.1837293952703476,40.75307083129883,0.47322678565979004,6.556698799133301,0.0721745491027832,5.442787170410156,42,,9.1714842710644e-05,,,,,7849,0.4799601137638092,
,,,,,,,9.161443499842341e-05,,,,,,7899,,
0.169341579079628,37.7288818359375,0.5340638160705566,3.936119556427002,0.1356828212738037,5.905224323272705,42,,9.161238267552108e-05,,,,,7899,0.38598379492759705,
,,,,,,,9.151142004441617e-05,,,,,,7949,,
0.16392923891544342,35.942840576171875,0.5668752193450928,4.213646411895752,0.13453316688537598,6.100193023681641,42,,9.150935511570424e-05,,,,,7949,0.374786376953125,
,,,,,,,9.140784203914508e-05,,,,,,7999,,
,,,,,,43,,9.140576730715111e-05,,,,,7999,0.36435699462890625,
,,,,,,43,,,,,,,7999,,9.821306228637695
,,,,,,,9.130370257991111e-05,,,,,,8049,,
0.16228507459163666,35.34217071533203,0.6007874011993408,4.669540882110596,0.1286609172821045,6.161996364593506,43,,9.130161197390407e-05,,,,,8049,0.21020889282226562,
,,,,,,,9.119900327267353e-05,,,,,,8099,,
0.1536833643913269,5.292391300201416,0.20050382614135742,1.4004982709884644,0.14316606521606445,6.506885051727295,43,,9.119690366787836e-05,,,,,8099,0.44697317481040955,
,,,,,,,9.10937457320252e-05,,,,,,8149,,
,,,,,,44,,9.109163511311635e-05,,,,,8149,0.2518869936466217,
,,,,,,,9.098793158116757e-05,,,,,,8199,,
0.17034077644348145,32.142234802246094,0.36562490463256836,4.881078243255615,0.07490658760070801,5.870584964752197,44,,9.098580630961806e-05,,,,,8199,0.3115946352481842,
,,,,,,,9.088156245188578e-05,,,,,,8249,,
0.1836898922920227,44.45389175415039,0.5262727737426758,4.027029991149902,0.13068509101867676,5.443957805633545,44,,9.08794318092987e-05,,,,,8249,0.33762359619140625,
,,,,,,,9.077463998452335e-05,,,,,,8299,,
0.19165882468223572,51.48099136352539,0.5737423896789551,4.341640949249268,0.13214874267578125,5.217605113983154,44,,9.077249706024304e-05,,,,,8299,0.28152719140052795,
,,,,,,,9.066716582795707e-05,,,,,,8349,,
,,,,,,45,,9.066500933840871e-05,,,,,8349,0.329303115606308,
,,,,,,,9.055914163957133e-05,,,,,,8399,,
0.17253954708576202,36.926856994628906,0.39790987968444824,5.47194766998291,0.07271814346313477,5.795772552490234,45,,9.055697591975331e-05,,,,,8399,0.19731521606445312,
,,,,,,,9.045056908523273e-05,,,,,,8449,,
0.15817873179912567,20.97224235534668,0.38605427742004395,2.8486387729644775,0.13552236557006836,6.321962356567383,45,,9.044838952831924e-05,,,,,8449,0.42586517333984375,
,,,,,,,9.034144983926441e-05,,,,,,8499,,
0.15887854993343353,10.481782913208008,0.2398688793182373,1.8334052562713623,0.13083243370056152,6.294116020202637,45,,9.033926471602172e-05,,,,,8499,0.2844606935977936,
,,,,,,45,,,,,,,8499,,9.829236030578613
,,,,,,,9.023178558442014e-05,,,,,,8549,,
,,,,,,46,,9.022958693094552e-05,,,,,8549,0.38689932227134705,
,,,,,,,9.012157801185836e-05,,,,,,8599,,
0.20842571556568146,43.00197219848633,0.5088052749633789,3.846104145050049,0.13229107856750488,4.797872543334961,46,,9.011937072500587e-05,,,,,8599,0.5380287170410156,
,,,,,,,9.001082882111622e-05,,,,,,8649,,
0.18768718838691711,50.561981201171875,0.7028746604919434,5.20188570022583,0.13511919975280762,5.328014373779297,46,,9.000860882224515e-05,,,,,8649,0.23175048828125,
,,,,,,,8.989953972008319e-05,,,,,,8699,,
,,,,,,47,,8.989730849862099e-05,,,,,8699,0.21607844531536102,
,,,,,,,8.978771242497486e-05,,,,,,8749,,
0.18671704828739166,49.4782829284668,0.575380802154541,7.495626926422119,0.07676219940185547,5.355697154998779,47,,8.978546975413337e-05,,,,,8749,0.2549184262752533,
,,,,,,,8.96753486603065e-05,,,,,,8799,,
0.29966554045677185,44.33700942993164,0.7093210220336914,4.903431415557861,0.14465808868408203,3.3370537757873535,47,,8.967309258878231e-05,,,,,8799,0.5727011561393738,
,,,,,,,8.956245015886635e-05,,,,,,8849,,
0.18390506505966187,38.01450729370117,0.4030115604400635,3.0420196056365967,0.13248157501220703,5.437588214874268,47,,8.956018427852541e-05,,,,,8849,0.33021673560142517,
,,,,,,,8.944901866168896e-05,,,,,,8899,,
,,,,,,48,,8.944674482336268e-05,,,,,8899,0.5009943842887878,
,,,,,,,8.93350559180284e-05,,,,,,8949,,
0.312216579914093,41.62760925292969,0.6903676986694336,9.38187313079834,0.07358527183532715,3.2029049396514893,48,,8.933277422329411e-05,,,,,8949,0.36904653906822205,
,,,,,,,8.922056368533108e-05,,,,,,8999,,
0.19340328872203827,47.792884826660156,0.5514447689056396,4.155889511108398,0.1326899528503418,5.1705427169799805,48,,8.921826520236209e-05,,,,,8999,0.19255320727825165,
,,,,,,48,,,,,,,8999,,9.570205688476562
,,,,,,,8.910554372920888e-05,,,,,,9049,,
0.258779913187027,43.163902282714844,0.5533730983734131,4.106675624847412,0.1347496509552002,3.8642876148223877,48,,8.910323958843946e-05,,,,,9049,0.22405751049518585,
,,,,,,,8.898999782341188e-05,,,,,,9099,,
,,,,,,49,,8.8987682829611e-05,,,,,9099,0.21111805737018585,
,,,,,,,8.887392774980073e-05,,,,,,9149,,
0.19855156540870667,41.20650863647461,0.568612813949585,4.358903884887695,0.130448579788208,5.03647518157959,49,,8.887160220183432e-05,,,,,9149,0.2026824951171875,
,,,,,,,8.875733529831966e-05,,,,,,9199,,
0.2770993411540985,43.597496032714844,0.6192278861999512,4.334626197814941,0.14285612106323242,3.608814001083374,49,,8.875499770510942e-05,,,,,9199,0.27945008873939514,
,,,,,,,8.864022226696843e-05,,,,,,9249,,
0.331667959690094,43.96590805053711,0.7205986976623535,5.423717498779297,0.13286066055297852,3.015063762664795,49,,8.863787661539391e-05,,,,,9249,0.3616536557674408,
,,,,,,,8.852259046177492e-05,,,,,,9299,,
,,,,,,50,,8.852023165673018e-05,,,,,9299,0.23892974853515625,
,,,,,,,8.840444169676708e-05,,,,,,9349,,
0.25741222500801086,45.54003143310547,0.5360438823699951,7.1996588706970215,0.07445406913757324,3.884819507598877,50,,8.840207010507584e-05,,,,,9349,0.3819173276424408,
,,,,,,,8.828577779394501e-05,,,,,,9399,,
0.19755323231220245,47.663394927978516,0.5707368850708008,4.21323823928833,0.13546276092529297,5.06192684173584,50,,8.82833992363885e-05,,,,,9399,0.3817558288574219,
,,,,,,,8.816660058325294e-05,,,,,,9449,,
,,,,,,51,,8.816421177471057e-05,,,,,9449,0.2957426607608795,
,,,,,,,8.804691190255076e-05,,,,,,9499,,
0.2183961570262909,50.192405700683594,0.5268247127532959,7.243846893310547,0.07272720336914062,4.578835487365723,51,,8.804451499599963e-05,,,,,9499,1.5638223886489868,
,,,,,,51,,,,,,,9499,,9.608695030212402
,,,,,,,8.792671359758616e-05,,,,,,9549,,
0.2648737132549286,35.202972412109375,0.4774749279022217,3.2014012336730957,0.14914560317993164,3.775383949279785,51,,8.79243016242981e-05,,,,,9549,0.2592506408691406,
,,,,,,,8.78060075219656e-05,,,,,,9599,,
0.15951111912727356,21.520626068115234,0.38463878631591797,2.917593240737915,0.1318342685699463,6.269155502319336,51,,8.780358621152118e-05,,,,,9599,0.29637590050697327,
,,,,,,,8.768479553712607e-05,,,,,,9649,,
,,,,,,52,,8.768236875766888e-05,,,,,9649,0.43241819739341736,
,,,,,,,8.756307951230631e-05,,,,,,9699,,
0.18046388030052185,38.15435791015625,0.39115333557128906,4.940483570098877,0.07917308807373047,5.5412750244140625,52,,8.75606419867836e-05,,,,,9699,0.4649391174316406,
,,,,,,,8.744086132451811e-05,,,,,,9749,,
0.18355850875377655,50.56930160522461,0.6181225776672363,4.711879730224609,0.13118386268615723,5.447854518890381,52,,8.743841317482293e-05,,,,,9749,0.34545135498046875,
,,,,,,,8.731814285851696e-05,,,,,,9799,,
0.15426035225391388,10.224713325500488,0.2179250717163086,1.6498095989227295,0.13209104537963867,6.482546806335449,52,,8.731568232178688e-05,,,,,9799,0.3799959719181061,
,,,,,,,8.719492600677353e-05,,,,,,9849,,
,,,,,,53,,8.719245670363307e-05,,,,,9849,0.3498363494873047,
,,,,,,,8.707121266944406e-05,,,,,,9899,,
0.16887955367565155,46.40755081176758,0.6422204971313477,7.513571739196777,0.08547472953796387,5.921379566192627,53,,8.70687363203615e-05,,,,,9899,0.17381858825683594,
,,,,,,,8.694700475434124e-05,,,,,,9949,,
0.15241675078868866,5.185927391052246,0.1692981719970703,1.2747453451156616,0.13280940055847168,6.5609588623046875,53,,8.694451389601454e-05,,,,,9949,0.41808953881263733,
,,,,,,,8.682230417690476e-05,,,,,,9999,,
,,,,,,54,,8.681980398250744e-05,,,,,9999,0.2223103791475296,
,,,,,,54,,,,,,,9999,,9.821276664733887
,,,,,,,8.669711286017181e-05,,,,,,10049,,
0.2191404402256012,46.092166900634766,0.5208985805511475,7.119209289550781,0.07316803932189941,4.563283443450928,54,,8.669460657984018e-05,,,,,10049,0.3158149719238281,
,,,,,,,8.65714327347474e-05,,,,,,10099,,
0.17506277561187744,35.91693878173828,0.3694186210632324,2.786933183670044,0.1325538158416748,5.712236404418945,54,,8.656891441205516e-05,,,,,10099,0.3389981687068939,
,,,,,,,8.644526573877448e-05,,,,,,10149,,
0.17239932715892792,30.31560707092285,0.3638019561767578,2.7234866619110107,0.13357949256896973,5.8004865646362305,54,,8.644273475511e-05,,,,,10149,0.26294517517089844,
,,,,,,,8.631861381790424e-05,,,,,,10199,,
,,,,,,55,,8.631607488496229e-05,,,,,10199,0.32737985253334045,
,,,,,,,8.619147892526602e-05,,,,,,10249,,
0.1859128773212433,43.47112274169922,0.5722973346710205,4.390117645263672,0.13036036491394043,5.378863334655762,55,,8.618893480161205e-05,,,,,10249,0.23007965087890625,
,,,,,,,8.606386302143703e-05,,,,,,10299,,
0.17611731588840485,41.771949768066406,0.5612843036651611,4.252408027648926,0.13199210166931152,5.678033351898193,55,,8.606130722910166e-05,,,,,10299,0.38989511132240295,
,,,,,,,8.593576807441243e-05,,,,,,10349,,
0.18097414076328278,42.593997955322266,0.5757303237915039,4.282594680786133,0.13443493843078613,5.525651454925537,55,,8.593319944338873e-05,,,,,10349,0.26363372802734375,
,,,,,,,8.580719605957476e-05,,,,,,10399,,
,,,,,,56,,8.580461872043088e-05,,,,,10399,0.43506622314453125,
,,,,,,,8.567814895966354e-05,,,,,,10449,,
0.17885175347328186,39.855350494384766,0.4024519920349121,5.493058681488037,0.07326555252075195,5.591222763061523,56,,8.567556506022811e-05,,,,,10449,0.4957021176815033,
,,,,,,,8.554862876474469e-05,,,,,,10499,,
0.18972893059253693,53.04887771606445,0.7283506393432617,5.4908037185668945,0.13264918327331543,5.270677089691162,56,,8.55460311868228e-05,,,,,10499,0.22432072460651398,
,,,,,,56,,,,,,,10499,,9.776741981506348
,,,,,,,8.541863747217977e-05,,,,,,10549,,
,,,,,,57,,8.541603165213019e-05,,,,,10549,0.20158131420612335,
,,,,,,,8.528817708659539e-05,,,,,,10599,,
0.2060357928276062,51.98644256591797,0.6169290542602539,8.488097190856934,0.07268166542053223,4.853525638580322,57,,8.528556645615026e-05,,,,,10599,0.26698049902915955,
,,,,,,,8.515724961985209e-05,,,,,,10649,,
0.17062941193580627,30.409000396728516,0.3825356960296631,2.91017746925354,0.13144755363464355,5.860654354095459,57,,8.515462832292542e-05,,,,,10649,0.5664088129997253,
,,,,,,,8.502585709101336e-05,,,,,,10699,,
0.1908785104751587,45.380558013916016,0.545722246170044,4.1526970863342285,0.13141393661499023,5.238934516906738,57,,8.502322452841327e-05,,,,,10699,0.3652559816837311,
,,,,,,,8.489400152631457e-05,,,,,,10749,,
,,,,,,58,,8.489136234857142e-05,,,,,10749,0.4879239499568939,
,,,,,,,8.476168495913162e-05,,,,,,10799,,
0.18222233653068542,37.78657531738281,0.4566919803619385,6.310385704040527,0.0723714828491211,5.4878010749816895,58,,8.475903450744227e-05,,,,,10799,0.37027230858802795,
,,,,,,,8.462890942994964e-05,,,,,,10849,,
0.18273396790027618,42.88680648803711,0.5013916492462158,3.649096727371216,0.13740158081054688,5.47243595123291,58,,8.462624828098342e-05,,,,,10849,0.19009526073932648,
,,,,,,,8.449567698633153e-05,,,,,,10899,,
0.2959180176258087,42.7486457824707,0.6334106922149658,4.379158020019531,0.14464211463928223,3.379314422607422,58,,8.449301094515249e-05,,,,,10899,0.24100875854492188,
,,,,,,,8.436198968288641e-05,,,,,,10949,,
,,,,,,59,,8.435930794803426e-05,,,,,10949,0.18187840282917023,
,,,,,,,8.422784958123787e-05,,,,,,10999,,
0.2303723841905594,48.71500778198242,0.5859980583190918,7.204381465911865,0.08133912086486816,4.3407979011535645,59,,8.422516111750156e-05,,,,,10999,0.24976730346679688,
,,,,,,59,,,,,,,10999,,9.58251953125
,,,,,,,8.409325874999225e-05,,,,,,11049,,
0.19873656332492828,45.511451721191406,0.5802481174468994,4.269197463989258,0.13591504096984863,5.031786918640137,59,,8.409056317759678e-05,,,,,11049,0.25930532813072205,
,,,,,,,8.395821926470658e-05,,,,,,11099,,
0.1701749712228775,30.08558464050293,0.39159297943115234,2.878650426864624,0.1360335350036621,5.876304626464844,59,,8.395551412831992e-05,,,,,11099,0.3295542299747467,
,,,,,,,8.38227332078569e-05,,,,,,11149,,
,,,,,,60,,8.38200212456286e-05,,,,,11149,0.2282053679227829,
,,,,,,,8.368680266880573e-05,,,,,,11199,,
0.21063141524791718,46.10348129272461,0.6134052276611328,4.6748833656311035,0.13121294975280762,4.747629642486572,60,,8.368407725356519e-05,,,,,11199,0.2947845458984375,
,,,,,,,8.355042974377004e-05,,,,,,11249,,
0.23935431241989136,46.937808990478516,0.5721056461334229,4.287538051605225,0.13343453407287598,4.1779069900512695,60,,8.354769670404494e-05,,,,,11249,0.46211114525794983,
,,,,,,,8.341361653578926e-05,,,,,,11299,,
,,,,,,61,,8.341087232111022e-05,,,,,11299,0.2575925290584564,
,,,,,,,8.327636515469208e-05,,,,,,11349,,
0.2207050919532776,52.65327835083008,0.5881972312927246,8.006197929382324,0.07346773147583008,4.530933380126953,61,,8.327361865667626e-05,,,,,11349,1.5948816537857056,
,,,,,,,8.313867771706476e-05,,,,,,11399,,
0.2371140420436859,49.26423263549805,0.5595693588256836,4.024168968200684,0.139052152633667,4.217380046844482,61,,8.313592115882784e-05,,,,,11399,0.2498881071805954,
,,,,,,,8.300055634621785e-05,,,,,,11449,,
0.3265697956085205,41.177978515625,0.6341702938079834,4.670093059539795,0.13579392433166504,3.0621323585510254,61,,8.299778710352257e-05,,,,,11449,0.22718746960163116,
,,,,,,,8.286200317215374e-05,,,,,,11499,,
,,,,,,62,,8.285923104267567e-05,,,,,11499,0.4270591735839844,
,,,,,,62,,,,,,,11499,,9.996920585632324
,,,,,,,8.272302033153377e-05,,,,,,11549,,
0.21447356045246124,52.270877838134766,0.5826919078826904,7.450180530548096,0.07821178436279297,4.66257905960083,62,,8.272023842437193e-05,,,,,11549,0.4626426696777344,
,,,,,,,8.25836099676453e-05,,,,,,11599,,
0.1763121783733368,33.64748001098633,0.37628650665283203,2.8154406547546387,0.1336510181427002,5.671757698059082,62,,8.258081652456895e-05,,,,,11599,0.34062448143959045,
,,,,,,,8.24437742303686e-05,,,,,,11649,,
0.22246423363685608,47.55842971801758,0.5987310409545898,4.447731018066406,0.1346149444580078,4.495104789733887,62,,8.244097261922434e-05,,,,,11649,0.36366018652915955,
,,,,,,,8.230351527614367e-05,,,,,,11699,,
,,,,,,63,,8.230070670833811e-05,,,,,11699,0.33171018958091736,
,,,,,,,8.216283526793715e-05,,,,,,11749,,
0.2214464694261551,62.7373161315918,0.8466784954071045,11.292198181152344,0.07497906684875488,4.515763759613037,63,,8.216001879191026e-05,,,,,11749,0.18672434985637665,
,,,,,,,8.20217363752087e-05,,,,,,11799,,
0.19035285711288452,41.58571243286133,0.38564634323120117,2.9346776008605957,0.1314101219177246,5.253401279449463,63,,8.201890886994079e-05,,,,,11799,0.3781585693359375,
,,,,,,,8.188022077387784e-05,,,,,,11849,,
,,,,,,64,,8.18773842183873e-05,,,,,11849,0.21324284374713898,
,,,,,,,8.173829064629032e-05,,,,,,11899,,
0.19344647228717804,44.19971466064453,0.5891435146331787,4.487590789794922,0.13128280639648438,5.169388771057129,64,,8.173544483724982e-05,,,,,11899,0.28120169043540955,
,,,,,,,8.159594818118418e-05,,,,,,11949,,
0.1662614494562149,25.712501525878906,0.33518433570861816,2.5137546062469482,0.13334012031555176,6.014623641967773,64,,8.159309800248593e-05,,,,,11949,0.367889404296875,
,,,,,,,8.145319557365634e-05,,,,,,11999,,
0.22652709484100342,49.62738800048828,0.5522274971008301,4.107614517211914,0.13443994522094727,4.414483070373535,64,,8.145033643813804e-05,,,,,11999,0.2743072509765625,
,,,,,,64,,,,,,,11999,,9.755428314208984
,,,,,,,8.131003502512854e-05,,,,,,12049,,
,,,,,,65,,8.130716742016375e-05,,,,,12049,0.3075338900089264,
,,,,,,,8.116646874331372e-05,,,,,,12099,,
0.1852705180644989,28.217870712280273,0.3007385730743408,2.2963948249816895,0.13096117973327637,5.397512912750244,65,,8.116359094856307e-05,,,,,12099,0.1815439909696579,
,,,,,,,8.102249894218139e-05,,,,,,12149,,
0.19537115097045898,48.183101654052734,0.586045503616333,4.348481178283691,0.13477015495300293,5.118463039398193,65,,8.101961429929361e-05,,,,,12149,0.35725530982017517,
,,,,,,,8.087812784192397e-05,,,,,,12199,,
0.1583136022090912,8.514388084411621,0.2004709243774414,1.4962000846862793,0.1339867115020752,6.316576957702637,65,,8.087523747235537e-05,,,,,12199,0.27232614159584045,
,,,,,,,8.073335766892248e-05,,,,,,12249,,
,,,,,,66,,8.073046046774834e-05,,,,,12249,0.3601417541503906,
,,,,,,,8.058819065571197e-05,,,,,,12299,,
0.1999131590127945,49.36481475830078,0.7822582721710205,5.923814296722412,0.13205313682556152,5.002171993255615,66,,8.058528328547254e-05,,,,,12299,0.4955787658691406,
,,,,,,,8.044262904094752e-05,,,,,,12349,,
0.15775330364704132,7.745739459991455,0.21179628372192383,1.5851686000823975,0.13361120223999023,6.339011192321777,66,,8.043971320148557e-05,,,,,12349,0.23371505737304688,
,,,,,,,8.029667506936925e-05,,,,,,12399,,
,,,,,,67,,8.029375021578744e-05,,,,,12399,0.19405491650104523,
,,,,,,,8.01503309917679e-05,,,,,,12449,,
0.1791454404592514,37.11025619506836,0.39278459548950195,5.304490566253662,0.07404756546020508,5.582056522369385,67,,8.014740160433576e-05,,,,,12449,0.2395680695772171,
,,,,,,,8.000359906495025e-05,,,,,,12499,,
0.16405051946640015,22.673458099365234,0.33429622650146484,2.4973995685577393,0.13385772705078125,6.0956830978393555,67,,8.00006600911729e-05,,,,,12499,0.5729840397834778,
,,,,,,67,,,,,,,12499,,9.786369323730469
,,,,,,,7.985648155170409e-05,,,,,,12549,,
0.278387188911438,42.86472702026367,0.5513007640838623,4.189856052398682,0.13157987594604492,3.5921192169189453,67,,7.98535329522565e-05,,,,,12549,0.3796475827693939,
,,,,,,,7.970898072076339e-05,,,,,,12599,,
,,,,,,68,,7.970602746354416e-05,,,,,12599,0.49328485131263733,
,,,,,,,7.95610988467736e-05,,,,,,12649,,
0.21036222577095032,53.6429328918457,0.656153678894043,8.237255096435547,0.07965683937072754,4.753705024719238,68,,7.955813634907827e-05,,,,,12649,0.3751487731933594,
,,,,,,,7.941283821025605e-05,,,,,,12699,,
0.16730022430419922,31.762798309326172,0.3911266326904297,2.9065768718719482,0.134566068649292,5.977278232574463,68,,7.940986688481644e-05,,,,,12699,0.18834049999713898,
,,,,,,,7.926420109757322e-05,,,,,,12749,,
0.16908717155456543,24.912281036376953,0.34171319007873535,2.5627872943878174,0.13333654403686523,5.914109230041504,68,,7.926122634671628e-05,,,,,12749,0.25136566162109375,
,,,,,,,7.911518980089316e-05,,,,,,12799,,
,,,,,,69,,7.91122074588202e-05,,,,,12799,0.18330509960651398,
,,,,,,,7.896580661815449e-05,,,,,,12849,,
0.1899614781141281,39.00191879272461,0.5074465274810791,3.8047232627868652,0.13337278366088867,5.264225006103516,69,,7.896281749708578e-05,,,,,12849,0.1914011687040329,
,,,,,,,7.881605385303064e-05,,,,,,12899,,
0.18192963302135468,38.4044189453125,0.4045848846435547,3.053494453430176,0.13249897956848145,5.496630668640137,69,,7.881305646151304e-05,,,,,12899,0.26332029700279236,
,,,,,,,7.866593381489453e-05,,,,,,12949,,
0.18507781624794006,44.865543365478516,0.617180585861206,4.3549933433532715,0.14171791076660156,5.403132915496826,69,,7.866292435210198e-05,,,,,12949,0.3305409848690033,
,,,,,,,7.851544881878292e-05,,,,,,12999,,
,,,,,,70,,7.851243572076783e-05,,,,,12999,0.21379978954792023,
,,,,,,70,,,,,,,12999,,9.819727897644043
,,,,,,,7.836460118536052e-05,,,,,,13049,,
0.16055260598659515,34.75069046020508,0.5397937297821045,6.942793846130371,0.07774877548217773,6.228488445281982,70,,7.836158329155296e-05,,,,,13049,0.2633463442325592,
,,,,,,,7.821339324088445e-05,,,,,,13099,,
0.2853029668331146,45.69075012207031,0.5654487609863281,3.944949150085449,0.14333486557006836,3.5050461292266846,70,,7.821036706445739e-05,,,,,13099,0.37953439354896545,
,,,,,,,7.80618273171682e-05,,,,,,13149,,
,,,,,,71,,7.805879431543872e-05,,,,,13149,0.26032066345214844,
,,,,,,,7.790990575154586e-05,,,,,,13199,,
0.18395665287971497,42.55009078979492,0.405684232711792,5.320160865783691,0.07625412940979004,5.436063289642334,71,,7.790686504449695e-05,,,,,13199,1.5457814931869507,
,,,,,,,7.7757630886836e-05,,,,,,13249,,
0.1807994395494461,39.65620422363281,0.3947451114654541,3.03589129447937,0.13002610206604004,5.5309906005859375,71,,7.77545792516321e-05,,,,,13249,0.2425130158662796,
,,,,,,,7.76050050713053e-05,,,,,,13299,,
0.18676872551441193,41.696990966796875,0.46616578102111816,3.4377682209014893,0.13560128211975098,5.354215621948242,71,,7.760195148875937e-05,,,,,13299,0.2477855682373047,
,,,,,,,7.745203065863274e-05,,,,,,13349,,
,,,,,,72,,7.744896720396355e-05,,,,,13349,0.4529469907283783,
,,,,,,,7.729871000787288e-05,,,,,,13399,,
0.1549968421459198,21.591209411621094,0.3673379421234131,4.903120040893555,0.07491922378540039,6.451744079589844,72,,7.729564094915986e-05,,,,,13399,0.4298286437988281,
,,,,,,,7.714504548341987e-05,,,,,,13449,,
0.1726800501346588,32.39270782470703,0.4205896854400635,2.856029748916626,0.147263765335083,5.791057109832764,72,,7.714196544839069e-05,,,,,13449,0.3222770690917969,
,,,,,,,7.699103945497081e-05,,,,,,13499,,
0.20485417544841766,44.077693939208984,0.5132501125335693,3.822327136993408,0.1342768669128418,4.881521224975586,72,,7.698795525357127e-05,,,,,13499,0.40502676367759705,
,,,,,,72,,,,,,,13499,,10.088815689086914
,,,,,,,7.683669429748919e-05,,,,,,13549,,
,,,,,,73,,7.683360308874398e-05,,,,,13549,0.3399626314640045,
,,,,,,,7.668201239116819e-05,,,,,,13599,,
0.18477898836135864,53.20787048339844,0.6346437931060791,8.385381698608398,0.0756845474243164,5.411870956420898,73,,7.667891622986645e-05,,,,,13599,0.16313426196575165,
,,,,,,,7.652699612139417e-05,,,,,,13649,,
0.17589695751667023,31.458438873291016,0.3535759449005127,2.6721291542053223,0.13231992721557617,5.685146331787109,73,,7.652389467693865e-05,,,,,13649,0.3665364682674408,
,,,,,,,7.637164787870979e-05,,,,,,13699,,
,,,,,,74,,7.636853842996061e-05,,,,,13699,0.18642933666706085,
,,,,,,,7.621597005877716e-05,,,,,,13749,,
0.17370127141475677,45.08428192138672,0.5573718547821045,7.711193084716797,0.0722808837890625,5.757010459899902,74,,7.621285476488993e-05,,,,,13749,0.2729441225528717,
,,,,,,,7.605996506234083e-05,,,,,,13799,,
0.16033652424812317,17.90250587463379,0.3475668430328369,2.6178526878356934,0.132767915725708,6.236882209777832,74,,7.60568436817266e-05,,,,,13799,0.28256097435951233,
,,,,,,,7.590363529519078e-05,,,,,,13849,,
0.1546875536441803,6.253068447113037,0.18507122993469238,1.3918060064315796,0.13297200202941895,6.464644432067871,74,,7.590050518047065e-05,,,,,13849,0.3371753692626953,
,,,,,,,7.574698316812554e-05,,,,,,13899,,
,,,,,,75,,7.574384653707966e-05,,,,,13899,0.34527716040611267,
,,,,,,,7.559001109691458e-05,,,,,,13949,,
0.1716260313987732,35.25127410888672,0.420884370803833,3.239619016647339,0.12991786003112793,5.826622009277344,75,,7.558686775155365e-05,,,,,13949,0.20066070556640625,
,,,,,,,7.543272150226149e-05,,,,,,13999,,
0.18887107074260712,51.041019439697266,0.5911428928375244,4.3890061378479,0.13468718528747559,5.294617176055908,75,,7.542957609985024e-05,,,,,13999,0.3260040283203125,
,,,,,,75,,,,,,,13999,,10.459356307983398
,,,,,,,7.527511680976629e-05,,,,,,14049,,
0.25278088450431824,93.7426986694336,1.7166361808776855,12.869053840637207,0.1333925724029541,3.9559953212738037,75,,7.52719643060118e-05,,,,,14049,0.2386271208524704,
,,,,,,,7.51171994498884e-05,,,,,,14099,,
,,,,,,76,,7.511403964599594e-05,,,,,14099,0.36577606201171875,
,,,,,,,7.49589718579088e-05,,,,,,14149,,
0.16688165068626404,30.903095245361328,0.3815345764160156,4.863028526306152,0.07845616340637207,5.992270469665527,76,,7.495580211980268e-05,,,,,14149,0.4677365720272064,
,,,,,,,7.48004364738928e-05,,,,,,14199,,
0.164241224527359,23.80034065246582,0.3669743537902832,2.7861533164978027,0.1317136287689209,6.0886054039001465,76,,7.479726627934724e-05,,,,,14199,0.20557530224323273,
,,,,,,,7.4641595742652e-05,,,,,,14249,,
,,,,,,77,,7.463841757271439e-05,,,,,14249,0.18965403735637665,
,,,,,,,7.448245211370708e-05,,,,,,14299,,
0.19379357993602753,54.804649353027344,0.6856288909912109,9.514459609985352,0.07206177711486816,5.160129547119141,77,,7.447926327586174e-05,,,,,14299,0.23551559448242188,
,,,,,,,7.432300804124963e-05,,,,,,14349,,
0.18066680431365967,34.180538177490234,0.3889470100402832,2.9149577617645264,0.13343143463134766,5.535050868988037,77,,7.431981794070452e-05,,,,,14349,0.5178400874137878,
,,,,,,,7.41632659841044e-05,,,,,,14399,,
0.17451709508895874,30.901447296142578,0.36496615409851074,2.7117912769317627,0.13458490371704102,5.730097770690918,77,,7.416006701532751e-05,,,,,14399,0.26216253638267517,
,,,,,,,7.400322840569165e-05,,,,,,14449,,
,,,,,,78,,7.400002505164593e-05,,,,,14449,0.44228553771972656,
,,,,,,,7.384289777398885e-05,,,,,,14499,,
0.17681393027305603,31.655162811279297,0.37818145751953125,5.215267658233643,0.07251429557800293,5.655663013458252,78,,7.383968477370217e-05,,,,,14499,0.37786993384361267,
,,,,,,78,,,,,,,14499,,9.932841300964355
,,,,,,,7.368227656149257e-05,,,,,,14549,,
0.25941580533981323,50.351234436035156,0.6843290328979492,5.086234092712402,0.13454532623291016,3.8548152446746826,78,,7.367906073341146e-05,,,,,14549,0.17795944213867188,
,,,,,,,7.352136724518063e-05,,,,,,14599,,
0.16991251707077026,26.556785583496094,0.3530278205871582,2.46127986907959,0.1434326171875,5.885381698608398,78,,7.351814565481618e-05,,,,,14599,0.20255406200885773,
,,,,,,,7.336017230647372e-05,,,,,,14649,,
,,,,,,79,,7.335694681387395e-05,,,,,14649,0.1829274445772171,
,,,,,,,7.319869423119724e-05,,,,,,14699,,
0.16903576254844666,52.37740707397461,0.8644618988037109,10.964428901672363,0.0788424015045166,5.915907859802246,79,,7.319546421058476e-05,,,,,14699,0.17513275146484375,
,,,,,,,7.303693550954294e-05,,,,,,14749,,
0.1558813452720642,7.30048942565918,0.20924639701843262,1.5740584135055542,0.1329343318939209,6.415135383605957,79,,7.303369784494862e-05,,,,,14749,0.25944390892982483,
,,,,,,,7.287489863603027e-05,,,,,,14799,,
0.19766876101493835,47.94741439819336,0.5867135524749756,4.410355567932129,0.13303089141845703,5.058968544006348,79,,7.287165499292314e-05,,,,,14799,0.32213082909584045,
,,,,,,,7.271258610946834e-05,,,,,,14849,,
,,,,,,80,,7.270933565450832e-05,,,,,14849,0.21583430469036102,
,,,,,,,7.255000043291706e-05,,,,,,14899,,
0.16117733716964722,20.817338943481445,0.32506847381591797,2.510561943054199,0.12948036193847656,6.204346179962158,80,,7.254674710566178e-05,,,,,14899,0.28182220458984375,
,,,,,,,7.238714411364875e-05,,,,,,14949,,
0.18529044091701508,41.13026809692383,0.4111182689666748,3.1216089725494385,0.13170075416564941,5.396932125091553,80,,7.23838820704259e-05,,,,,14949,0.3783060610294342,
,,,,,,,7.222401966310928e-05,,,,,,14999,,
,,,,,,81,,7.22207551007159e-05,,,,,14999,0.23138682544231415,
,,,,,,81,,,,,,,14999,,10.085580825805664
,,,,,,,7.20606295968795e-05,,,,,,15049,,
0.18129587173461914,39.4376335144043,0.48341894149780273,3.70483136177063,0.13048338890075684,5.51584529876709,81,,7.205735892057419e-05,,,,,15049,1.5472310781478882,
,,,,,,,7.189697643463636e-05,,,,,,15099,,
0.1544615626335144,7.177798271179199,0.19881105422973633,1.5196408033370972,0.1308276653289795,6.474102973937988,81,,7.189370080595836e-05,,,,,15099,0.2282155305147171,
,,,,,,,7.173306270011398e-05,,,,,,15149,,
0.28560104966163635,40.27618408203125,0.5733773708343506,4.2589287757873535,0.134629487991333,3.501387596130371,81,,7.172978075686842e-05,,,,,15149,0.23482640087604523,
,,,,,,,7.156889092106495e-05,,,,,,15199,,
,,,,,,82,,7.156560604926199e-05,,,,,15199,0.3899116516113281,
,,,,,,,7.14044636292213e-05,,,,,,15249,,
0.24927563965320587,52.66560745239258,0.6282675266265869,4.761452674865723,0.13194870948791504,4.011623382568359,82,,7.140116940718144e-05,,,,,15249,0.46221795678138733,
,,,,,,,7.123978336025519e-05,,,,,,15299,,
0.23124592006206512,53.84581756591797,0.6747150421142578,4.454904079437256,0.15145444869995117,4.324400901794434,82,,7.123648538254201e-05,,,,,15299,0.3091977536678314,
,,,,,,,7.107485265374007e-05,,,,,,15349,,
0.331887423992157,33.02510452270508,0.5966126918792725,4.406737804412842,0.13538646697998047,3.0130698680877686,82,,7.10715539753437e-05,,,,,15349,0.3430684506893158,
,,,,,,,7.090967405311163e-05,,,,,,15399,,
,,,,,,83,,7.09063679096289e-05,,,,,15399,0.3217519223690033,
,,,,,,,7.074425010562816e-05,,,,,,15449,,
0.2563230097293854,49.353271484375,0.628920316696167,8.675790786743164,0.07249140739440918,3.901327610015869,83,,7.074094173731282e-05,,,,,15449,0.15090815722942352,
,,,,,,,7.057858336233153e-05,,,,,,15499,,
0.2194242626428604,52.95011901855469,0.5801730155944824,4.24658727645874,0.13662099838256836,4.5573811531066895,83,,7.057526818243787e-05,,,,,15499,0.3616129457950592,
,,,,,,83,,,,,,,15499,,9.995409965515137
,,,,,,,7.04126763780077e-05,,,,,,15549,,
,,,,,,84,,7.040935452096164e-05,,,,,15549,0.20375187695026398,
,,,,,,,7.024653171114781e-05,,,,,,15599,,
0.28161370754241943,49.68800354003906,0.6510040760040283,8.142120361328125,0.0799551010131836,3.5509634017944336,84,,7.024320802884176e-05,,,,,15599,0.27971014380455017,
,,,,,,,7.008015192390806e-05,,,,,,15649,,
0.3006221055984497,39.58210372924805,0.5735146999359131,4.198159694671631,0.1366109848022461,3.326435089111328,84,,7.007682143012062e-05,,,,,15649,0.2953732907772064,
,,,,,,,6.991353958207067e-05,,,,,,15699,,
0.26680314540863037,45.123165130615234,0.6235392093658447,4.645324230194092,0.13422942161560059,3.748081922531128,84,,6.991020200075582e-05,,,,,15699,0.27552351355552673,
,,,,,,,6.974669725500396e-05,,,,,,15749,,
,,,,,,85,,6.974335701670498e-05,,,,,15749,0.30999755859375,
,,,,,,,6.957962751562297e-05,,,,,,15799,,
0.28021660447120667,48.43315887451172,0.8420052528381348,11.550698280334473,0.07289648056030273,3.5686678886413574,85,,6.95762864779681e-05,,,,,15799,0.16489028930664062,
,,,,,,,6.941233294034991e-05,,,,,,15849,,
0.2604527771472931,47.27794647216797,0.5443167686462402,4.129549980163574,0.13181018829345703,3.8394675254821777,85,,6.940898310858756e-05,,,,,15849,0.3179715573787689,
,,,,,,,6.924481610907397e-05,,,,,,15899,,
0.2911977171897888,44.70169448852539,0.6962018013000488,5.286594390869141,0.13169193267822266,3.4340929985046387,85,,6.92414614604786e-05,,,,,15899,0.3030344545841217,
,,,,,,,6.907707960511199e-05,,,,,,15949,,
,,,,,,86,,6.907372153364122e-05,,,,,15949,0.3639475405216217,
,,,,,,,6.890912601516828e-05,,,,,,15999,,
0.27948299050331116,46.69439697265625,0.7513248920440674,5.541841506958008,0.135573148727417,3.578035354614258,86,,6.890576332807541e-05,,,,,15999,0.5080782771110535,
,,,,,,86,,,,,,,15999,,10.202049255371094
,,,,,,,6.874095792929502e-05,,,,,,16049,,
0.2433563768863678,43.328556060791016,0.5069591999053955,3.8908770084381104,0.1302943229675293,4.1092000007629395,86,,6.873759411973879e-05,,,,,16049,0.20049159228801727,
,,,,,,,6.85725779408521e-05,,,,,,16099,,
,,,,,,87,,6.856920663267374e-05,,,,,16099,0.18546168506145477,
,,,,,,,6.840398864646731e-05,,,,,,16149,,
0.23760400712490082,44.37483596801758,0.5536379814147949,7.027077674865723,0.07878637313842773,4.208683013916016,87,,6.84006154187955e-05,,,,,16149,0.2152506560087204,
,,,,,,,6.8235192645996e-05,,,,,,16199,,
0.1812419891357422,38.100624084472656,0.38994622230529785,2.8877205848693848,0.13503599166870117,5.51748514175415,87,,6.823181320214644e-05,,,,,16199,0.5061569213867188,
,,,,,,,6.806619254248144e-05,,,,,,16249,,
0.2378874123096466,63.57858657836914,0.6920421123504639,5.237966537475586,0.13212037086486816,4.20366907119751,87,,6.806280725868419e-05,,,,,16249,0.2855033874511719,
,,,,,,,6.78969909421142e-05,,,,,,16299,,
,,,,,,88,,6.789360486436635e-05,,,,,16299,0.4199727475643158,
,,,,,,,6.772759045419228e-05,,,,,,16349,,
0.22369542717933655,58.34664535522461,0.6244401931762695,8.61858081817627,0.07245278358459473,4.470364093780518,88,,6.772419874323532e-05,,,,,16349,0.34585699439048767,
,,,,,,,6.755799369108081e-05,,,,,,16399,,
0.22511324286460876,49.805458068847656,0.5481247901916504,3.9906508922576904,0.13735222816467285,4.442208766937256,88,,6.75545961712487e-05,,,,,16399,0.17122650146484375,
,,,,,,,6.738820326817161e-05,,,,,,16449,,
0.29939913749694824,42.20933532714844,0.6188192367553711,4.188416957855225,0.14774537086486816,3.3400230407714844,88,,6.738480442436412e-05,,,,,16449,0.20892588794231415,
,,,,,,,6.721822180384313e-05,,,,,,16499,,
,,,,,,89,,6.721482350258157e-05,,,,,16499,0.1838124543428421,
,,,,,,89,,,,,,,16499,,10.144758224487305
,,,,,,,6.704805191941976e-05,,,,,,16549,,
0.27806568145751953,47.41743850708008,0.6421315670013428,4.699249744415283,0.13664555549621582,3.5962727069854736,89,,6.704464612994343e-05,,,,,16549,0.17370350658893585,
,,,,,,,6.687769623913166e-05,,,,,,16599,,
0.30248525738716125,43.904624938964844,0.674210786819458,4.631900787353516,0.14555811882019043,3.305946111679077,89,,6.687428685836494e-05,,,,,16599,0.24363072216510773,
,,,,,,,6.670715739007413e-05,,,,,,16649,,
0.20400620996952057,50.1058235168457,0.5948214530944824,4.551745891571045,0.13067984580993652,4.901811599731445,89,,6.67037456878461e-05,,,,,16649,0.3215535581111908,
,,,,,,,6.653643800216716e-05,,,,,,16699,,
,,,,,,90,,6.65330226183869e-05,,,,,16699,0.1818949431180954,
,,,,,,,6.636554070811493e-05,,,,,,16749,,
0.16097910702228546,19.80812644958496,0.3299386501312256,2.4876692295074463,0.1326296329498291,6.211986541748047,90,,6.636211764998734e-05,,,,,16749,0.2439015656709671,
,,,,,,,6.619446814336523e-05,,,,,,16799,,
0.15534260869026184,6.2437744140625,0.18343782424926758,1.377413034439087,0.13317561149597168,6.437384128570557,90,,6.619104533456266e-05,,,,,16799,0.3222236633300781,
,,,,,,,6.602322294606847e-05,,,,,,16849,,
,,,,,,91,,6.601979839615524e-05,,,,,16849,0.2332051545381546,
,,,,,,,6.585180775703761e-05,,,,,,16899,,
0.17222070693969727,40.67393112182617,0.619584321975708,4.791495323181152,0.12930917739868164,5.806502819061279,91,,6.584837683476508e-05,,,,,16899,1.473084807395935,
,,,,,,,6.568022521970674e-05,,,,,,16949,,
0.19126923382282257,49.15388870239258,0.567922830581665,4.30250883102417,0.13199806213378906,5.228232383728027,91,,6.56767952023074e-05,,,,,16949,0.2337493896484375,
,,,,,,,6.550847798009092e-05,,,,,,16999,,
0.16057045757770538,19.203792572021484,0.367692232131958,2.5921027660369873,0.14185094833374023,6.227795600891113,91,,6.550503894686699e-05,,,,,16999,0.21375910937786102,
,,,,,,91,,,,,,,16999,,9.895808219909668
,,,,,,,6.533656868674502e-05,,,,,,17049,,
,,,,,,92,,6.533312989631668e-05,,,,,17049,0.4061959683895111,
,,,,,,,6.516449999072306e-05,,,,,,17099,,
0.2123195081949234,40.504024505615234,0.5439176559448242,4.03872013092041,0.1346757411956787,4.709882736206055,92,,6.516105349874124e-05,,,,,17099,0.504601776599884,
,,,,,,,6.499227454553717e-05,,,,,,17149,,
0.17094677686691284,38.880393981933594,0.5609767436981201,4.210137844085693,0.13324427604675293,5.84977388381958,92,,6.498883158201352e-05,,,,,17149,0.2956593930721283,
,,,,,,,6.481989500711672e-05,,,,,,17199,,
0.162113219499588,22.377830505371094,0.33940696716308594,2.4987072944641113,0.1358330249786377,6.1685285568237305,92,,6.481644231826067e-05,,,,,17199,0.33082327246665955,
,,,,,,,6.464736403376752e-05,,,,,,17249,,
,,,,,,93,,6.464391481131315e-05,,,,,17249,0.3128623962402344,
,,,,,,,6.447468428613055e-05,,,,,,17299,,
0.16687653958797455,31.739459991455078,0.37819957733154297,5.279922008514404,0.07162976264953613,5.9924540519714355,93,,6.447122723329812e-05,,,,,17299,0.15840975940227509,
,,,,,,,6.430185842714112e-05,,,,,,17349,,
0.15481117367744446,5.421527862548828,0.18284010887145996,1.3912968635559082,0.13141703605651855,6.459481716156006,93,,6.429840141208842e-05,,,,,17349,0.33642578125,
,,,,,,,6.412888912198786e-05,,,,,,17399,,
,,,,,,94,,6.412543007172644e-05,,,,,17399,0.17892074584960938,
,,,,,,,6.395577903807127e-05,,,,,,17449,,
0.161554217338562,34.38861846923828,0.5352392196655273,7.421882152557373,0.07211637496948242,6.189872741699219,94,,6.395231321221218e-05,,,,,17449,0.26751455664634705,
,,,,,,,6.378253084496311e-05,,,,,,17499,,
0.1542503535747528,7.989917278289795,0.20990657806396484,1.5867996215820312,0.13228297233581543,6.482966899871826,94,,6.377906538546085e-05,,,,,17499,0.2876319885253906,
,,,,,,94,,,,,,,17499,,9.710359573364258
,,,,,,,6.360914721436478e-05,,,,,,17549,,
0.19298440217971802,57.69118118286133,0.7211425304412842,5.4139084815979,0.13320183753967285,5.181766033172607,94,,6.360567931551486e-05,,,,,17549,0.2401377409696579,
,,,,,,,6.343563082006649e-05,,,,,,17599,,
,,,,,,95,,6.343216227833182e-05,,,,,17599,0.3073781430721283,
,,,,,,,6.326198433790554e-05,,,,,,17649,,
0.17229072749614716,35.96901321411133,0.4178762435913086,5.23067569732666,0.07988953590393066,5.804142951965332,95,,6.32585069979541e-05,,,,,17649,0.1694081574678421,
,,,,,,,6.30882104457255e-05,,,,,,17699,,
0.17041704058647156,27.045246124267578,0.40224695205688477,3.0191495418548584,0.13323187828063965,5.867957592010498,95,,6.308473530225456e-05,,,,,17699,0.3031349182128906,
,,,,,,,6.291431182333483e-05,,,,,,17749,,
0.1548849195241928,5.740859508514404,0.1897742748260498,1.4099786281585693,0.13459372520446777,6.456406116485596,95,,6.291083263931796e-05,,,,,17749,0.21396763622760773,
,,,,,,,6.274029115246538e-05,,,,,,17799,,
,,,,,,96,,6.273680628510192e-05,,,,,17799,0.34217706322669983,
,,,,,,,6.25661511167311e-05,,,,,,17849,,
0.19845770299434662,39.8931999206543,0.4237525463104248,3.1843252182006836,0.13307452201843262,5.0388569831848145,96,,6.256266351556405e-05,,,,,17849,0.46864572167396545,
,,,,,,,6.239189440158688e-05,,,,,,17899,,
0.15464656054973602,6.689503192901611,0.18540310859680176,1.4029475450515747,0.13215255737304688,6.466357707977295,96,,6.238841160666198e-05,,,,,17899,0.19207127392292023,
,,,,,,,6.221752369428677e-05,,,,,,17949,,
,,,,,,97,,6.221403600648046e-05,,,,,17949,0.19055049121379852,
,,,,,,,6.204304168384284e-05,,,,,,17999,,
0.17535041272640228,34.7885627746582,0.4008774757385254,5.1602864265441895,0.07768511772155762,5.702866554260254,97,,6.203955126693472e-05,,,,,17999,0.22175216674804688,
,,,,,,97,,,,,,,17999,,9.723393440246582
,,,,,,,6.186845106098346e-05,,,,,,18049,,
0.2728158235549927,38.220890045166016,0.5261826515197754,3.9437010288238525,0.1334235668182373,3.6654763221740723,97,,6.186495738802478e-05,,,,,18049,0.4957002103328705,
,,,,,,,6.169375451811205e-05,,,,,,18099,,
0.17466087639331818,29.14624786376953,0.3830246925354004,2.847928285598755,0.1344923973083496,5.725380897521973,97,,6.169026164570823e-05,,,,,18099,0.24483108520507812,
,,,,,,,6.151895474926538e-05,,,,,,18149,,
,,,,,,98,,6.151545676402748e-05,,,,,18149,0.4198150634765625,
,,,,,,,6.134405445007215e-05,,,,,,18199,,
0.18759116530418396,38.41530990600586,0.4113640785217285,3.104708671569824,0.13249683380126953,5.3307414054870605,98,,6.134055729489774e-05,,,,,18199,0.353118896484375,
,,,,,,,6.116905631771134e-05,,,,,,18249,,
0.18114939332008362,39.571388244628906,0.42262983322143555,3.1476240158081055,0.13426947593688965,5.520305633544922,98,,6.11655559623614e-05,,,,,18249,0.17583847045898438,
,,,,,,,6.0993963050870594e-05,,,,,,18299,,
0.17482249438762665,44.34846878051758,0.5814187526702881,4.429788112640381,0.13125205039978027,5.720088005065918,98,,6.099046004237607e-05,,,,,18299,0.20653660595417023,
,,,,,,,6.081877734970455e-05,,,,,,18349,,
,,,,,,99,,6.081527317292057e-05,,,,,18349,0.18630345165729523,
,,,,,,,6.0643501915793624e-05,,,,,,18399,,
0.1760149747133255,49.14813232421875,0.6008727550506592,8.291828155517578,0.07246565818786621,5.681334972381592,99,,6.063999535399489e-05,,,,,18399,0.18071365356445312,
,,,,,,,6.046813945210181e-05,,,,,,18449,,
0.17928047478199005,33.681556701660156,0.4168510437011719,3.1619439125061035,0.13183379173278809,5.577852249145508,99,,6.046463022357784e-05,,,,,18449,0.24574215710163116,
,,,,,,,6.0292692662935226e-05,,,,,,18499,,
0.23348239064216614,50.79387664794922,0.6178927421569824,4.16377592086792,0.14839720726013184,4.282978057861328,99,,6.028918141964823e-05,,,,,18499,0.3678690493106842,
,,,,,,99,,,,,,,18499,,10.201977729797363
,,,,,,,6.0117164253900426e-05,,,,,,18549,,
,,,,,,100,,6.011365258018486e-05,,,,,18549,0.19171015918254852,
,,,,,,,5.994155693186257e-05,,,,,,18599,,
0.2235010415315628,44.492576599121094,0.5262773036956787,6.825733184814453,0.0771019458770752,4.474252223968506,100,,5.993804370518774e-05,,,,,18599,0.22714996337890625,
,,,,,,,5.976587340490387e-05,,,,,,18649,,
0.16534030437469482,30.829811096191406,0.47075319290161133,3.549758195877075,0.1326155662536621,6.048131942749023,100,,5.9762358432635665e-05,,,,,18649,0.3357747495174408,
,,,,,,,5.959011638228155e-05,,,,,,18699,,
,,,,,,101,,5.958660040050745e-05,,,,,18699,0.2402903288602829,
,,,,,,,5.94142885743864e-05,,,,,,18749,,
0.15935030579566956,22.252727508544922,0.3702232837677002,4.819531440734863,0.07681727409362793,6.275482177734375,101,,5.9410769608803093e-05,,,,,18749,1.437945008277893,
,,,,,,,5.923839269270066e-05,,,,,,18799,,
0.1734011471271515,33.21900939941406,0.4355652332305908,3.3248395919799805,0.13100337982177734,5.766974449157715,101,,5.923487333348021e-05,,,,,18799,0.2368418425321579,
,,,,,,,5.906243144975652e-05,,,,,,18849,,
0.1876230537891388,47.03828430175781,0.5710999965667725,4.353336811065674,0.13118672370910645,5.329835414886475,101,,5.90589115745388e-05,,,,,18849,0.2043304443359375,
,,,,,,,5.888640755909392e-05,,,,,,18899,,
,,,,,,102,,5.8882887969957665e-05,,,,,18899,0.42993035912513733,
,,,,,,,5.871032373521905e-05,,,,,,18949,,
0.20187686383724213,46.580997467041016,0.504859447479248,6.761633396148682,0.07466530799865723,4.953514575958252,102,,5.870680251973681e-05,,,,,18949,0.4263547360897064,
,,,,,,,5.853418269356226e-05,,,,,,18999,,
0.18787311017513275,44.629486083984375,0.4688749313354492,3.5065829753875732,0.1337127685546875,5.322741508483887,102,,5.8530658861855045e-05,,,,,18999,0.3034210205078125,
,,,,,,102,,,,,,,18999,,10.603143692016602
,,,,,,,5.8357987150436355e-05,,,,,,19049,,
0.32730633020401,49.697811126708984,0.7090284824371338,5.273138046264648,0.13446044921875,3.055241823196411,102,,5.835446427226998e-05,,,,,19049,0.3246955871582031,
,,,,,,,5.818173982299462e-05,,,,,,19099,,
,,,,,,103,,5.817821511300281e-05,,,,,19099,0.31463560461997986,
,,,,,,,5.8005443429188785e-05,,,,,,19149,,
0.206037700176239,43.703773498535156,0.5735220909118652,4.356345176696777,0.1316521167755127,4.853480815887451,103,,5.800191866001114e-05,,,,,19149,0.15416018664836884,
,,,,,,,5.7829100687727366e-05,,,,,,19199,,
0.17436863481998444,36.67274475097656,0.5004031658172607,3.6326680183410645,0.13775086402893066,5.734976768493652,103,,5.7825574913294986e-05,,,,,19199,0.33326148986816406,
,,,,,,,5.765271431803358e-05,,,,,,19249,,
,,,,,,104,,5.7649187510833144e-05,,,,,19249,0.17155838012695312,
,,,,,,,5.747628704020348e-05,,,,,,19299,,
0.19145405292510986,92.57845306396484,1.6320128440856934,20.721616744995117,0.07875895500183105,5.2231855392456055,104,,5.747275645262562e-05,,,,,19299,0.26283010840415955,
,,,,,,,5.729982157496387e-05,,,,,,19349,,
0.18003742396831512,40.80595397949219,0.5217139720916748,3.9399826526641846,0.1324152946472168,5.554400444030762,104,,5.729629265260883e-05,,,,,19349,0.2637825012207031,
,,,,,,,5.7123320643630566e-05,,,,,,19399,,
0.19742241501808167,40.16383743286133,0.5182442665100098,3.961519718170166,0.13081955909729004,5.065280914306641,104,,5.711978883482516e-05,,,,,19399,0.2897675931453705,
,,,,,,,5.694678696806624e-05,,,,,,19449,,
,,,,,,105,,5.694325591321103e-05,,,,,19449,0.2904764711856842,
,,,,,,,5.677022327063859e-05,,,,,,19499,,
0.1758088767528534,39.59727478027344,0.48084473609924316,6.363277435302734,0.07556557655334473,5.687994956970215,105,,5.6766690249787644e-05,,,,,19499,0.17262649536132812,
,,,,,,105,,,,,,,19499,,10.224926948547363
,,,,,,,5.659363227417826e-05,,,,,,19549,,
0.2428598254919052,42.67963790893555,0.47950172424316406,3.603147506713867,0.13307857513427734,4.1176018714904785,105,,5.6590099120512605e-05,,,,,19549,0.2916374206542969,
,,,,,,,5.641701670193682e-05,,,,,,19599,,
0.1983339786529541,43.26933670043945,0.4404025077819824,3.315626621246338,0.1328263282775879,5.0420002937316895,105,,5.6413482525385916e-05,,,,,19599,0.24274317920207977,
,,,,,,,5.624037927754492e-05,,,,,,19649,,
,,,,,,106,,5.623684774036519e-05,,,,,19649,0.37184014916419983,
,,,,,,,5.606372272497009e-05,,,,,,19699,,
0.16169384121894836,20.851831436157227,0.2761363983154297,3.7763285636901855,0.07312297821044922,6.184527397155762,106,,5.6060191127471626e-05,,,,,19699,0.47361502051353455,
,,,,,,,5.5887049768475015e-05,,,,,,19749,,
0.17512427270412445,32.74494934082031,0.38323187828063965,2.793830156326294,0.13717079162597656,5.710230350494385,106,,5.5883516324684024e-05,,,,,19749,0.18329112231731415,
,,,,,,,5.571036313257516e-05,,,,,,19799,,
,,,,,,107,,5.570683060796e-05,,,,,19799,0.18937937915325165,
,,,,,,,5.5533665541997034e-05,,,,,,19849,,
0.1758856326341629,33.50962448120117,0.41001391410827637,5.174620628356934,0.07923555374145508,5.685512542724609,107,,5.553013033932075e-05,,,,,19849,0.22737884521484375,
,,,,,,,5.5356959721636035e-05,,,,,,19899,,
0.17790473997592926,33.65877151489258,0.3500795364379883,2.6549811363220215,0.13185763359069824,5.620985984802246,107,,5.535342643270269e-05,,,,,19899,0.4956321716308594,
,,,,,,,5.518024839651459e-05,,,,,,19949,,
0.18293778598308563,46.854183197021484,0.5954415798187256,4.5232014656066895,0.13164162635803223,5.466339111328125,107,,5.517671525012702e-05,,,,,19949,0.263885498046875,
,,,,,,,5.500353429173989e-05,,,,,,19999,,
,,,,,,108,,5.500000042957254e-05,,,,,19999,0.4093984067440033,
,,,,,,108,,,,,,,19999,,9.893900871276855
,,,,,,,5.4826820132462044e-05,,,,,,20049,,
0.22792544960975647,50.49374771118164,0.6128096580505371,8.50324535369873,0.0720677375793457,4.387399673461914,108,,5.482328560901806e-05,,,,,20049,0.35233816504478455,
,,,,,,,5.4650108643832e-05,,,,,,20099,,
0.22083058953285217,50.958335876464844,0.5891478061676025,4.154656410217285,0.14180421829223633,4.528358459472656,108,,5.4646574426442385e-05,,,,,20099,0.1580454558134079,
,,,,,,,5.447340255095949e-05,,,,,,20149,,
0.1674327403306961,30.1654052734375,0.36695170402526855,2.7116289138793945,0.13532519340515137,5.97254753112793,108,,5.446986688184552e-05,,,,,20149,0.20118331909179688,
,,,,,,,5.429670457887109e-05,,,,,,20199,,
,,,,,,109,,5.4293170251185074e-05,,,,,20199,0.16232554614543915,
,,,,,,,5.4120017452468104e-05,,,,,,20249,,
0.1862560659646988,43.02864074707031,0.5682463645935059,4.198385238647461,0.13534879684448242,5.368952751159668,109,,5.411648453446105e-05,,,,,20249,0.16539256274700165,
,,,,,,,5.3943343896484554e-05,,,,,,20299,,
0.1881406009197235,40.860111236572266,0.5043129920959473,3.6888887882232666,0.13671135902404785,5.315174102783203,109,,5.393980973167345e-05,,,,,20299,0.2437864989042282,
,,,,,,,5.37666866354453e-05,,,,,,20349,,
0.18551389873027802,38.78892135620117,0.5199985504150391,3.518094301223755,0.14780688285827637,5.390431880950928,109,,5.376315311877988e-05,,,,,20349,0.30022430419921875,
,,,,,,,5.359004839362382e-05,,,,,,20399,,
,,,,,,110,,5.358651469578035e-05,,,,,20399,0.1732991486787796,
,,,,,,,5.341343189500027e-05,,,,,,20449,,
0.1938459277153015,44.28248596191406,0.6104357242584229,8.280866622924805,0.07371640205383301,5.158736228942871,110,,5.340989810065366e-05,,,,,20449,0.22425715625286102,
,,,,,,,5.323683986321958e-05,,,,,,20499,,
0.18810029327869415,42.531551361083984,0.47368621826171875,3.5261240005493164,0.13433623313903809,5.316312789916992,110,,5.3233306971378624e-05,,,,,20499,0.3100395202636719,
,,,,,,110,,,,,,,20499,,9.962406158447266
